VIN: 1V2AP2CA1JC595746:Stock #: 2W80638 GarffEase Price:$28,115 Dealer: KGVW Date: 2018-09-07
VIN: 1V2CP2CA1JC592855:Stock #: 2W80605 GarffEase Price:$31,205 Dealer: KGVW Date: 2018-09-07
VIN: 1V2CP2CA2JC592976:Stock #: 2W80604 GarffEase Price:$31,205 Dealer: KGVW Date: 2018-09-07
VIN: 1V2CP2CA9JC593087:Stock #: 2W80608 GarffEase Price:$31,205 Dealer: KGVW Date: 2018-09-07
VIN: 1V2DP2CA3JC593400:Stock #: 2W80631 GarffEase Price:$33,305 Dealer: KGVW Date: 2018-09-07
VIN: 1V2DP2CA4JC594068:Stock #: 2W80635 GarffEase Price:$33,305 Dealer: KGVW Date: 2018-09-07
VIN: 1V2KR2CA0JC586048:Stock #: 2W80569 GarffEase Price:$36,455 Dealer: KGVW Date: 2018-09-07
VIN: 1V2KR2CA5JC586773:Stock #: 2W80590 GarffEase Price:$36,955 Dealer: KGVW Date: 2018-09-07
VIN: 1V2KR2CA6JC587978:Stock #: 2W80585 GarffEase Price:$37,055 Dealer: KGVW Date: 2018-09-07
VIN: 1V2KR2CA1JC585183:Stock #: 2W80561 GarffEase Price:$37,580 Dealer: KGVW Date: 2018-09-07
VIN: 1V2LR2CA1JC588394:Stock #: 2W80582 GarffEase Price:$38,930 Dealer: KGVW Date: 2018-09-07
VIN: 1V2LR2CA4JC587661:Stock #: 2W80583 GarffEase Price:$38,930 Dealer: KGVW Date: 2018-09-07
VIN: 1V2LR2CA5JC581786:Stock #: 2W80584 GarffEase Price:$38,930 Dealer: KGVW Date: 2018-09-07
VIN: 1V2LR2CA6JC584499:Stock #: 2W80587 GarffEase Price:$39,480 Dealer: KGVW Date: 2018-09-07
VIN: 1V2LR2CA2JC583589:Stock #: 2W80589 GarffEase Price:$39,480 Dealer: KGVW Date: 2018-09-07
VIN: 1V2LR2CA6JC589055:Stock #: 2W80592 GarffEase Price:$39,480 Dealer: KGVW Date: 2018-09-07
VIN: 1V2LR2CA0JC589729:Stock #: 2W80594 GarffEase Price:$39,680 Dealer: KGVW Date: 2018-09-07
VIN: 1V2LR2CA0JC584501:Stock #: 2W80586 GarffEase Price:$40,105 Dealer: KGVW Date: 2018-09-07
VIN: 1V2LR2CA0JC567679:Stock #: 2W80478 GarffEase Price:$40,230 Dealer: KGVW Date: 2018-09-07
VIN: 1V2PR2CA9JC587110:Stock #: 2W80593 GarffEase Price:$41,640 Dealer: KGVW Date: 2018-09-07
VIN: 1V2PR2CA7JC579412:Stock #: 2W80526 GarffEase Price:$41,995 Dealer: KGVW Date: 2018-09-07
VIN: 1V2PR2CAXJC585060:Stock #: 2W80564 GarffEase Price:$42,065 Dealer: KGVW Date: 2018-09-07
VIN: 1V2MR2CA7JC574259:Stock #: 2W80545 GarffEase Price:$43,480 Dealer: KGVW Date: 2018-09-07
VIN: 1V2MR2CA6JC593336:Stock #: 2W80609 GarffEase Price:$43,550 Dealer: KGVW Date: 2018-09-07
VIN: 1V2MR2CAXJC595218:Stock #: 2W80634 GarffEase Price:$44,175 Dealer: KGVW Date: 2018-09-07
VIN: 1V2RR2CA6JC581791:Stock #: 2W80543 GarffEase Price:$44,445 Dealer: KGVW Date: 2018-09-07
VIN: 1V2NR2CA5JC584972:Stock #: 2W80566 GarffEase Price:$48,660 Dealer: KGVW Date: 2018-09-07
VIN: 1V2NR2CAXJC587589:Stock #: 2W80577 GarffEase Price:$48,750 Dealer: KGVW Date: 2018-09-07
VIN: 1V2NR2CA3JC592343:Stock #: 2W80607 GarffEase Price:$48,810 Dealer: KGVW Date: 2018-09-07
VIN: 1V2NR2CA8JC573674:Stock #: 2W80479 GarffEase Price:$48,830 Dealer: KGVW Date: 2018-09-07
VIN: 1V2NR2CA9JC588166:Stock #: 2W80576 GarffEase Price:$48,900 Dealer: KGVW Date: 2018-09-07
VIN: 1V2NR2CA9JC589009:Stock #: 2W80591 GarffEase Price:$49,135 Dealer: KGVW Date: 2018-09-07
VIN: 1V2NR2CA0JC584409:Stock #: 2W80563 GarffEase Price:$49,435 Dealer: KGVW Date: 2018-09-07
